{
  "providers": {
    "awscloudformation": {
      "AuthRoleName": "amplify-realstate-dev-04752-authRole",
      "UnauthRoleArn": "arn:aws:iam::067894998758:role/amplify-realstate-dev-04752-unauthRole",
      "AuthRoleArn": "arn:aws:iam::067894998758:role/amplify-realstate-dev-04752-authRole",
      "Region": "us-east-1",
      "DeploymentBucketName": "amplify-realstate-dev-04752-deployment",
      "UnauthRoleName": "amplify-realstate-dev-04752-unauthRole",
      "StackName": "amplify-realstate-dev-04752",
      "StackId": "arn:aws:cloudformation:us-east-1:067894998758:stack/amplify-realstate-dev-04752/e0179b60-635b-11ec-a70c-0ee3ff8b9dbd",
      "AmplifyAppId": "d3r9rx913l7vpe",
      "APIGatewayAuthURL": "https://s3.amazonaws.com/amplify-realstate-dev-04752-deployment/amplify-cfn-templates/api/APIGatewayAuthStack.json"
    }
  },
  "function": {
    "restTodo123": {
      "build": true,
      "providerPlugin": "awscloudformation",
      "service": "Lambda",
      "lastBuildTimeStamp": "2021-12-22T19:34:13.232Z",
      "lastBuildType": "PROD",
      "lastPackageTimeStamp": "2021-12-22T19:34:14.010Z",
      "distZipFilename": "restTodo123-55472f7a6b5071412f34-build.zip",
      "s3Bucket": {
        "deploymentBucketName": "amplify-realstate-dev-04752-deployment",
        "s3Key": "amplify-builds/restTodo123-55472f7a6b5071412f34-build.zip"
      },
      "providerMetadata": {
        "s3TemplateURL": "https://s3.amazonaws.com/amplify-realstate-dev-04752-deployment/amplify-cfn-templates/function/restTodo123-cloudformation-template.json",
        "logicalId": "functionrestTodo123"
      },
      "lastPushTimeStamp": "2021-12-22T19:37:10.260Z",
      "output": {
        "Region": "us-east-1",
        "Arn": "arn:aws:lambda:us-east-1:067894998758:function:restTodo123-dev",
        "Name": "restTodo123-dev",
        "LambdaExecutionRole": "realstateLambdaRolec1e5d711-dev"
      },
      "lastPushDirHash": "Ynd0sfRMS5sLA9B73Xg6tJZgklY="
    }
  },
  "auth": {
    "realstate": {
      "service": "Cognito",
      "serviceType": "managed",
      "providerPlugin": "awscloudformation",
      "dependsOn": [],
      "frontendAuthConfig": {
        "socialProviders": [],
        "usernameAttributes": [],
        "signupAttributes": [
          "EMAIL"
        ],
        "passwordProtectionSettings": {
          "passwordPolicyMinLength": 8,
          "passwordPolicyCharacters": []
        },
        "mfaConfiguration": "OFF",
        "mfaTypes": [
          "SMS"
        ],
        "verificationMechanisms": [
          "EMAIL"
        ]
      },
      "providerMetadata": {
        "s3TemplateURL": "https://s3.amazonaws.com/amplify-realstate-dev-04752-deployment/amplify-cfn-templates/auth/realstate-cloudformation-template.json",
        "logicalId": "authrealstate"
      },
      "lastPushTimeStamp": "2021-12-22T19:37:10.260Z",
      "output": {
        "UserPoolId": "us-east-1_zHe3dV8bM",
        "AppClientIDWeb": "4k31fqdq5mu56f04fk7nrj88c1",
        "AppClientID": "23htio4mbdabpfc8snphs6mi6a",
        "IdentityPoolId": "us-east-1:a3b9c52b-cfe8-4793-b519-d21ee4d11d9f",
        "UserPoolArn": "arn:aws:cognito-idp:us-east-1:067894998758:userpool/us-east-1_zHe3dV8bM",
        "IdentityPoolName": "realstate_identitypool_3546e2d5__dev",
        "UserPoolName": "realstate_userpool_3546e2d5"
      },
      "lastPushDirHash": "oAvUxWkxPRru0rqraoIEqj4QxxI="
    }
  },
  "api": {
    "apirestaws": {
      "service": "API Gateway",
      "providerPlugin": "awscloudformation",
      "dependsOn": [
        {
          "category": "function",
          "resourceName": "restTodo123",
          "attributes": [
            "Name",
            "Arn"
          ]
        }
      ],
      "providerMetadata": {
        "s3TemplateURL": "https://s3.amazonaws.com/amplify-realstate-dev-04752-deployment/amplify-cfn-templates/api/apirestaws-cloudformation-template.json",
        "logicalId": "apiapirestaws"
      },
      "lastPushTimeStamp": "2021-12-22T19:37:10.260Z",
      "output": {
        "ApiName": "apirestaws",
        "RootUrl": "https://96bx83aygh.execute-api.us-east-1.amazonaws.com/dev",
        "ApiId": "96bx83aygh"
      },
      "lastPushDirHash": "gR8hnokRy6/ZkzC0mjqEPnmNZAM="
    }
  }
}